date,daily_consumption,AWND,PRCP,TMAX,TMIN
2006-12-16,1209.176,2.5,0.0,10.6,5.0
2006-12-17,3390.46,2.6,0.0,13.3,5.6
2006-12-18,2203.826,2.4,0.0,15.0,6.7
2006-12-19,1666.194,2.4,0.0,7.2,2.2
2006-12-20,2225.748,2.4,0.0,7.2,1.1
2006-12-21,1716.624,2.3,0.0,12.2,3.3
2006-12-22,2341.338,2.3,11.9,9.4,3.9
2006-12-23,4773.386,3.0,19.8,15.0,8.9
2006-12-24,2550.012,3.4,0.0,11.1,6.1
2006-12-25,2743.12,2.2,9.4,7.2,3.9
2006-12-26,3934.11,3.3,2.0,11.7,6.1
2006-12-27,1528.76,3.4,0.0,6.1,3.3
2006-12-28,2072.638,2.3,0.0,8.9,2.2
2006-12-29,3174.392,2.1,0.0,8.9,2.8
2006-12-30,2789.302,2.1,0.0,8.3,1.1
2006-12-31,3494.196,2.1,0.0,7.2,0.6
2007-01-01,2749.004,1.7,38.6,13.3,7.2
2007-01-02,1269.236,3.8,0.0,10.0,5.0
2007-01-03,1014.054,2.6,0.0,11.1,3.3
2007-01-04,3259.412,3.6,0.0,13.3,6.1
2007-01-05,2713.364,2.6,0.8,16.7,11.7
2007-01-06,1508.378,3.4,0.3,22.2,12.2
2007-01-07,2447.62,2.7,4.3,12.2,6.7
2007-01-08,2241.36,3.6,31.8,13.3,3.3
2007-01-09,1869.054,3.1,0.0,6.7,1.1
2007-01-10,2154.8,3.6,0.0,2.2,-1.7
2007-01-11,2255.194,2.6,0.0,3.3,-3.3
2007-01-12,1461.296,3.4,0.3,8.9,2.8
2007-01-13,3186.814,2.6,1.5,13.3,7.2
2007-01-14,3007.816,1.9,2.3,7.8,5.0
2007-01-15,2148.678,1.7,1.5,13.9,4.4
2007-01-16,1686.404,4.3,0.0,12.8,-5.6
2007-01-17,2847.688,2.9,0.0,-1.7,-7.2
2007-01-18,1821.462,1.4,2.3,2.8,-3.9
2007-01-19,1480.44,3.4,2.3,5.0,-0.6
2007-01-20,3133.732,5.1,0.3,0.0,-6.1
2007-01-21,3407.262,1.6,0.0,-1.7,-7.2
2007-01-22,2180.494,0.8,0.0,0.6,-2.8
2007-01-23,1777.64,2.8,0.0,2.2,-2.2
2007-01-24,2987.854,2.6,0.0,4.4,0.0
2007-01-25,1596.344,2.2,0.3,1.1,-9.4
2007-01-26,1617.972,1.0,0.0,-5.6,-12.8
2007-01-27,2044.072,1.7,0.3,5.0,-6.7
2007-01-28,3090.204,1.7,1.3,5.0,-1.1
2007-01-29,1982.664,3.9,0.3,-1.1,-6.1
2007-01-30,1707.798,2.2,2.5,1.7,-6.1
2007-01-31,2363.752,3.6,1.5,0.6,-3.9
2007-02-01,1824.76,2.4,0.0,1.1,-3.3
2007-02-02,1667.736,1.5,5.8,3.3,0.0
2007-02-03,4029.722,3.9,0.0,1.7,-5.0
2007-02-04,3595.94,4.5,0.0,-2.2,-8.3
2007-02-05,1645.28,5.0,0.0,-7.8,-13.3
2007-02-06,1273.48,4.0,0.0,-3.9,-11.7
2007-02-07,2328.018,3.4,0.0,-3.9,-11.1
2007-02-08,1801.414,3.8,0.0,-2.2,-10.0
2007-02-09,1620.198,4.8,0.0,0.0,-7.8
2007-02-10,2829.328,2.9,0.0,0.6,-5.0
2007-02-11,3571.228,2.6,0.0,0.6,-7.2
2007-02-12,1877.61,2.6,0.0,4.4,-2.2
2007-02-13,1414.546,3.6,0.8,0.0,-5.6
2007-02-14,2498.672,6.2,23.9,-1.7,-8.9
2007-02-15,1985.346,4.7,0.0,-4.4,-9.4
2007-02-16,1702.528,4.4,0.0,-1.7,-10.0
2007-02-17,2076.912,2.9,0.0,1.7,-7.2
2007-02-18,3829.762,3.4,0.0,1.1,-7.8
2007-02-19,2186.614,4.3,0.0,-1.1,-11.1
2007-02-20,3149.928,2.7,2.5,8.3,-1.7
2007-02-21,2072.874,1.3,0.3,9.4,3.9
2007-02-22,3369.478,2.4,5.3,7.2,2.2
2007-02-23,1313.48,5.2,0.0,3.9,-5.6
2007-02-24,714.922,4.3,0.0,5.6,-6.7
2007-02-25,501.74,1.8,4.8,2.8,-4.4
2007-02-26,568.484,2.5,7.1,2.2,-1.1
2007-02-27,518.112,0.9,0.0,6.1,1.1
2007-02-28,520.774,2.2,0.0,7.8,1.7
2007-03-01,517.564,2.0,3.6,7.8,0.6
2007-03-02,515.688,3.2,61.2,14.4,1.7
2007-03-03,819.122,2.1,0.0,15.0,4.4
2007-03-04,2090.7,3.9,0.0,4.4,0.6
2007-03-05,2660.332,4.5,0.0,5.0,-6.1
2007-03-06,1246.5,5.5,0.0,-6.1,-11.7
2007-03-07,2375.206,1.8,1.0,-5.0,-11.1
2007-03-08,1572.132,3.3,0.0,1.1,-7.8
2007-03-09,1272.612,2.0,0.0,1.7,-10.6
2007-03-10,2484.712,2.1,1.8,13.9,0.0
2007-03-11,3480.636,3.0,4.1,10.0,3.3
2007-03-12,1950.668,1.7,0.0,13.9,2.2
2007-03-13,1290.144,1.3,0.0,13.9,6.1
2007-03-14,1793.364,1.6,0.0,21.1,7.8
2007-03-15,1884.814,2.8,8.1,19.4,2.2
2007-03-16,1702.054,5.5,51.6,2.2,-3.3
2007-03-17,2028.09,3.9,0.8,3.3,-3.9
2007-03-18,2371.046,4.3,0.0,3.9,-2.8
2007-03-19,2152.518,2.9,0.0,6.1,-1.1
2007-03-20,2086.228,3.4,0.0,10.0,0.6
2007-03-21,2142.092,3.0,0.0,4.4,-3.3
2007-03-22,1454.978,2.9,0.5,19.4,4.4
2007-03-23,1309.008,1.6,2.3,16.1,10.6
2007-03-24,2968.43,2.6,0.8,12.2,5.6
2007-03-25,3336.124,2.6,0.0,12.2,3.3
2007-03-26,1416.082,2.6,0.0,12.2,3.9
2007-03-27,1105.14,2.4,0.3,25.6,10.0
2007-03-28,2333.898,2.6,0.0,18.3,7.2
2007-03-29,1590.406,2.7,0.0,13.9,3.3
2007-03-30,1402.394,1.7,0.0,20.0,3.9
2007-03-31,3509.51,2.2,0.0,15.6,6.1
2007-04-01,2785.952,2.4,1.5,10.0,5.6
2007-04-02,1960.778,1.9,1.5,13.3,5.6
2007-04-03,1642.82,2.1,0.0,17.2,5.6
2007-04-04,2051.868,3.2,21.6,5.6,4.4
2007-04-05,1844.078,4.1,0.0,6.7,1.1
2007-04-06,1601.14,2.4,0.0,5.6,-0.6
2007-04-07,1553.924,2.8,0.0,6.1,-0.6
2007-04-08,1608.816,3.7,0.0,5.0,-1.1
2007-04-09,1000.92,2.9,0.0,9.4,0.0
2007-04-10,777.364,2.7,0.0,10.6,0.6
2007-04-11,887.482,2.1,0.0,10.0,2.2
2007-04-12,537.706,3.6,35.1,6.7,3.9
2007-04-13,551.022,4.5,0.0,9.4,5.6
2007-04-14,554.268,2.5,0.0,13.3,4.4
2007-04-15,726.164,3.2,192.3,12.8,4.4
2007-04-16,952.39,3.3,22.9,8.9,3.3
2007-04-17,1223.734,4.2,1.0,10.6,5.6
2007-04-18,998.246,3.3,0.0,10.6,5.6
2007-04-19,1028.658,2.3,0.3,16.1,7.2
2007-04-20,822.58,2.4,0.0,21.7,6.7
2007-04-21,1673.656,1.0,0.0,26.1,7.2
2007-04-22,2233.714,1.4,0.0,25.6,12.8
2007-04-23,1054.566,2.8,0.0,30.0,14.4
2007-04-24,1032.1,2.7,0.0,24.4,14.4
2007-04-25,1264.162,3.1,3.6,19.4,8.3
2007-04-26,1275.466,2.1,0.0,16.1,7.8
2007-04-27,1094.332,1.4,51.8,13.3,8.3
2007-04-28,22.738,1.8,0.0,21.7,12.2
2007-04-30,420.822,3.3,0.0,26.7,11.1
2007-05-01,1663.858,1.6,8.1,21.7,10.6
2007-05-02,1003.486,1.7,2.5,20.0,10.0
2007-05-03,1090.238,1.3,0.0,22.2,10.6
2007-05-04,998.128,1.7,0.0,21.7,10.0
2007-05-05,1563.052,2.0,0.0,22.8,10.6
2007-05-06,2102.104,3.3,0.0,17.2,7.8
2007-05-07,1643.664,1.8,0.0,19.4,6.7
2007-05-08,1789.292,1.1,0.0,22.2,8.3
2007-05-09,1665.736,2.2,0.0,28.3,13.9
2007-05-10,707.884,2.0,0.0,25.0,16.1
2007-05-11,979.154,0.8,4.8,25.0,15.6
2007-05-12,1441.566,2.5,4.6,23.3,11.7
2007-05-13,1634.738,3.0,0.0,20.0,9.4
2007-05-14,1467.782,2.5,0.0,21.1,9.4
2007-05-15,904.392,3.3,0.0,28.9,13.3
2007-05-16,1692.944,2.6,21.1,29.4,15.0
2007-05-17,1231.816,2.0,0.0,20.6,12.2
2007-05-18,1631.53,3.2,0.0,12.2,8.9
2007-05-19,1429.442,1.7,5.3,13.9,10.0
2007-05-20,1968.328,2.9,0.5,23.9,10.6
2007-05-21,1120.062,1.8,0.0,21.7,11.7
2007-05-22,1132.852,1.8,0.0,24.4,11.7
2007-05-23,1464.936,1.6,0.0,23.3,12.8
2007-05-24,1154.388,2.8,0.0,28.9,14.4
2007-05-25,1614.22,2.0,0.0,32.2,17.8
2007-05-26,1512.248,1.8,0.0,29.4,21.7
2007-05-27,2153.808,1.5,0.8,30.0,18.9
2007-05-28,1637.468,1.8,0.0,28.3,19.4
2007-05-29,1061.34,1.3,0.0,26.7,16.1
2007-05-30,1609.866,0.8,0.0,28.9,16.1
2007-05-31,938.55,2.0,0.0,32.8,17.8
2007-06-01,1044.918,1.3,0.0,31.1,17.8
2007-06-02,1484.362,1.7,0.0,31.7,21.7
2007-06-03,2108.026,2.1,41.1,26.1,17.2
2007-06-04,911.618,2.4,58.2,21.1,15.6
2007-06-05,1458.892,2.7,0.0,27.2,18.9
2007-06-06,1693.638,2.2,0.0,21.7,13.3
2007-06-07,985.002,0.9,0.0,23.9,12.2
2007-06-08,2148.046,1.1,0.0,29.4,17.8
2007-06-09,1059.814,2.6,0.3,27.8,18.3
2007-06-10,1340.812,1.0,0.0,22.2,16.7
2007-06-11,794.654,1.9,0.8,28.9,17.2
2007-06-12,918.766,1.0,30.0,28.3,18.3
2007-06-13,927.272,3.1,0.0,18.9,13.9
2007-06-14,1259.084,2.4,0.0,17.8,13.3
2007-06-15,989.604,1.6,0.0,23.3,15.0
2007-06-16,2017.762,1.3,1.0,27.2,15.6
2007-06-17,1947.09,1.7,0.0,30.0,18.9
2007-06-18,678.474,1.8,0.0,28.9,20.0
2007-06-19,842.36,1.6,8.4,26.7,18.9
2007-06-20,1074.286,2.1,3.6,25.6,19.4
2007-06-21,806.946,2.1,4.6,26.7,15.6
2007-06-22,566.294,2.9,0.0,23.3,16.1
2007-06-23,477.566,2.0,0.0,23.3,13.3
2007-06-24,714.656,1.4,0.0,27.2,13.9
2007-06-25,1072.202,1.8,0.0,26.7,19.4
2007-06-26,944.908,2.0,0.0,32.8,22.2
2007-06-27,1480.826,1.7,17.5,32.2,21.1
2007-06-28,1295.438,2.3,0.8,30.6,21.1
2007-06-29,1304.198,1.2,0.0,25.0,19.4
2007-06-30,1335.314,1.3,0.3,27.2,17.2
2007-07-01,1026.664,2.3,0.0,23.3,16.1
2007-07-02,967.032,1.3,0.0,23.3,13.9
2007-07-03,1059.912,1.4,0.0,26.7,15.6
2007-07-04,1003.41,2.6,1.8,21.7,18.3
2007-07-05,1057.29,2.1,33.0,25.6,19.4
2007-07-06,1069.524,1.2,0.8,28.3,19.4
2007-07-07,1358.206,1.7,0.0,29.4,19.4
2007-07-08,1089.08,2.3,0.0,31.7,21.7
2007-07-09,1180.158,1.7,0.0,33.3,24.4
2007-07-10,908.324,1.6,0.0,33.3,23.3
2007-07-11,722.352,1.5,25.7,29.4,21.1
2007-07-12,1069.582,2.2,0.0,26.7,18.9
2007-07-13,794.382,1.7,0.0,27.2,20.6
2007-07-14,1288.17,1.3,0.0,28.9,18.9
2007-07-15,917.024,2.1,0.3,31.1,22.2
2007-07-16,853.674,1.6,0.0,27.8,21.7
2007-07-17,719.632,0.9,0.0,31.1,20.6
2007-07-18,757.082,1.4,40.4,25.6,20.6
2007-07-19,677.886,1.5,4.8,28.3,21.1
2007-07-20,1110.422,3.0,0.0,25.6,19.4
2007-07-21,1060.248,2.4,0.0,27.8,17.2
2007-07-22,1375.774,2.2,0.0,28.3,20.0
2007-07-23,991.018,3.5,58.7,22.2,15.6
2007-07-24,825.284,1.6,0.0,27.2,14.4
2007-07-25,472.56,0.9,0.0,28.3,19.4
2007-07-26,924.5,1.2,0.0,29.4,21.7
2007-07-27,1202.514,1.6,0.0,28.9,21.7
2007-07-28,1621.862,1.3,0.0,28.9,21.7
2007-07-29,321.116,0.9,9.7,26.7,22.2
2007-07-30,466.816,0.9,0.0,30.0,21.1
2007-07-31,812.332,1.1,0.0,30.6,22.2
2007-08-01,1060.338,1.2,0.0,32.2,21.7
2007-08-02,1019.416,1.3,0.0,33.3,23.9
2007-08-03,1063.364,2.0,29.2,32.2,18.9
2007-08-04,1144.99,1.3,0.3,31.7,20.6
2007-08-05,787.098,2.5,0.0,29.4,21.1
2007-08-06,1089.72,1.4,0.0,28.3,22.2
2007-08-07,1483.58,0.7,0.0,31.7,23.9
2007-08-08,1125.482,2.4,63.5,32.2,22.8
2007-08-09,1071.68,2.0,0.0,28.3,22.2
2007-08-10,1028.01,3.2,32.5,22.2,13.9
2007-08-11,1091.65,1.5,0.0,27.2,13.9
2007-08-12,1241.904,1.0,0.0,29.4,20.0
2007-08-13,1153.012,2.3,1.0,28.9,21.1
2007-08-14,941.19,1.3,0.0,27.2,18.3
2007-08-15,1191.86,2.3,0.0,28.9,19.4
2007-08-16,958.496,1.2,0.3,28.3,23.3
2007-08-17,1009.892,1.4,18.8,29.4,16.7
2007-08-18,347.96,2.6,0.0,23.3,15.0
2007-08-19,1422.294,0.5,3.0,21.7,15.6
2007-08-20,1338.842,3.1,1.5,20.6,14.4
2007-08-21,642.556,3.4,32.3,15.0,13.3
2007-08-22,1209.808,1.6,0.0,18.3,13.3
2007-08-23,1112.312,0.6,0.0,23.9,16.7
2007-08-24,1656.214,1.0,0.0,28.3,18.9
2007-08-25,1150.88,1.3,0.0,30.6,22.8
2007-08-26,1314.906,1.6,0.0,26.7,22.2
2007-08-27,1211.73,1.9,0.0,28.3,19.4
2007-08-28,997.004,0.6,0.0,28.3,20.0
2007-08-29,747.992,0.9,0.0,29.4,19.4
2007-08-30,1202.458,1.0,0.0,30.0,21.1
2007-08-31,1279.822,2.2,0.0,25.6,20.6
2007-09-01,1701.486,3.0,0.0,26.1,17.8
2007-09-02,1662.468,1.3,0.0,25.6,14.4
2007-09-03,1038.922,2.4,0.0,27.8,17.8
2007-09-04,1584.944,1.8,0.0,28.3,20.6
2007-09-05,1236.572,1.3,0.0,26.1,18.3
2007-09-06,901.474,1.3,0.0,26.7,19.4
2007-09-07,1336.496,2.2,0.0,30.0,21.1
2007-09-08,1469.752,2.3,0.0,31.1,21.7
2007-09-09,1679.502,2.0,0.0,29.4,21.7
2007-09-10,1117.376,1.4,3.3,26.1,22.8
2007-09-11,983.572,2.1,30.7,23.3,20.6
2007-09-12,1287.764,2.4,0.0,23.9,16.7
2007-09-13,1146.382,0.8,0.0,23.3,14.4
2007-09-14,1135.47,1.5,0.0,23.3,17.8
2007-09-15,1095.312,2.3,2.0,20.6,12.8
2007-09-16,1652.224,1.1,0.0,18.9,10.0
2007-09-17,1461.186,1.5,0.0,20.6,10.6
2007-09-18,1167.52,1.5,0.0,21.1,11.7
2007-09-19,1298.684,0.8,0.0,24.4,13.3
2007-09-20,1255.532,0.8,0.0,27.8,15.6
2007-09-21,1238.78,0.8,0.0,27.8,17.2
2007-09-22,1176.172,0.6,7.9,23.9,18.3
2007-09-23,1417.97,1.3,0.0,25.6,16.7
2007-09-24,1354.53,1.3,0.0,26.1,14.4
2007-09-25,1764.342,2.5,0.0,29.4,17.2
2007-09-26,1822.264,2.3,0.0,30.6,20.6
2007-09-27,1392.6,1.7,0.0,27.8,21.7
2007-09-28,1680.498,2.1,2.0,24.4,16.1
2007-09-29,2296.522,2.2,0.0,24.4,14.4
2007-09-30,1516.29,1.6,0.0,22.2,13.3
2007-10-01,1720.922,1.2,0.0,20.6,15.0
2007-10-02,2198.864,1.6,0.0,23.9,14.4
2007-10-03,1280.454,1.0,0.8,25.6,18.3
2007-10-04,1518.458,0.8,0.0,28.9,20.6
2007-10-05,1394.092,0.7,0.0,28.3,19.4
2007-10-06,1756.24,1.1,0.0,28.3,18.9
2007-10-07,2106.114,1.7,0.0,27.8,19.4
2007-10-08,1095.242,1.9,0.0,30.6,19.4
2007-10-09,1687.858,2.6,13.2,26.1,15.6
2007-10-10,1166.972,1.7,4.1,20.6,16.1
2007-10-11,1732.446,2.7,37.6,19.4,15.0
2007-10-12,1914.504,3.5,2.0,15.6,8.9
2007-10-13,1926.728,2.0,0.0,17.2,7.2
2007-10-14,2061.252,2.1,0.0,18.9,9.4
2007-10-15,1266.33,1.2,0.0,19.4,9.4
2007-10-16,1964.442,0.3,0.0,21.1,13.3
2007-10-17,1576.93,0.5,0.0,22.8,14.4
2007-10-18,1518.53,1.2,0.0,25.0,17.2
2007-10-19,2085.648,1.9,9.7,22.8,18.3
2007-10-20,1660.246,2.6,0.8,21.1,15.6
2007-10-21,1941.94,2.1,0.0,23.3,13.3
2007-10-22,1652.896,2.0,0.0,24.4,15.0
2007-10-23,1954.648,2.7,0.3,25.6,18.9
2007-10-24,1865.636,2.1,4.1,19.4,11.1
2007-10-25,1853.918,3.3,3.6,13.9,9.4
2007-10-26,1437.568,3.3,11.7,14.4,11.1
2007-10-27,1785.688,2.5,30.5,19.4,13.3
2007-10-28,512.158,3.0,0.0,13.3,6.1
2007-10-29,545.428,1.3,0.0,11.7,3.3
2007-10-30,811.008,1.3,0.0,16.7,7.8
2007-10-31,1283.21,2.0,0.0,17.8,9.4
2007-11-01,496.216,0.0,0.0,18.9,10.0
2007-11-02,1443.602,3.9,0.0,12.8,7.2
2007-11-03,492.55,4.2,0.0,10.6,7.2
2007-11-04,1485.686,1.8,0.0,13.3,7.2
2007-11-05,1500.592,1.9,0.0,13.9,6.7
2007-11-06,2082.378,2.9,13.2,13.3,6.1
2007-11-07,1844.758,2.3,0.0,9.4,3.9
2007-11-08,1501.06,0.6,0.0,7.8,1.7
2007-11-09,2171.226,1.5,10.4,6.7,3.9
2007-11-10,2611.6,2.4,3.3,7.8,2.8
2007-11-11,1887.124,1.6,0.0,7.8,-0.6
2007-11-12,2156.146,1.1,2.8,10.0,3.3
2007-11-13,2214.398,1.3,5.6,15.0,8.3
2007-11-14,2047.994,1.0,0.0,14.4,7.2
2007-11-15,1491.988,2.5,9.7,17.2,6.1
2007-11-16,2309.754,4.4,0.0,8.3,2.8
2007-11-17,2610.094,2.2,0.0,7.8,1.7
2007-11-18,2183.858,3.1,0.0,6.7,3.9
2007-11-19,1723.654,3.4,6.9,6.7,1.1
2007-11-20,2095.856,1.8,2.8,8.9,4.4
2007-11-21,1751.836,0.8,0.0,14.4,6.1
2007-11-22,1932.378,2.1,0.8,18.9,4.4
2007-11-23,2522.618,3.4,0.0,4.4,-1.1
2007-11-24,1899.054,1.7,0.0,3.9,-3.3
2007-11-25,1395.598,1.8,0.0,9.4,1.1
2007-11-26,1569.716,1.0,31.8,16.7,4.4
2007-11-27,2801.012,3.5,0.8,17.8,6.1
2007-11-28,1644.94,2.1,0.0,7.2,1.7
2007-11-29,1719.23,2.8,0.3,10.6,5.0
2007-11-30,2331.728,2.6,0.0,5.6,1.7
2007-12-01,3134.942,3.2,0.0,3.3,-3.9
2007-12-02,2946.188,1.4,8.4,2.2,-6.7
2007-12-03,1762.06,4.3,7.9,8.3,0.0
2007-12-04,2067.636,4.4,0.0,1.1,-2.2
2007-12-05,2153.12,1.9,0.5,0.6,-2.2
2007-12-06,2487.934,2.1,0.0,0.6,-6.1
2007-12-07,1769.016,1.6,0.0,1.7,-2.2
2007-12-08,2213.404,1.9,0.0,6.7,1.1
2007-12-09,2274.584,0.6,8.1,4.4,1.1
2007-12-10,1758.754,1.4,2.0,4.4,2.8
2007-12-11,2305.104,1.7,0.3,7.2,1.7
2007-12-12,1588.062,3.0,0.0,11.1,1.1
2007-12-13,1847.746,2.8,25.9,2.2,-1.7
2007-12-14,1974.808,1.4,0.0,5.6,-0.6
2007-12-15,2736.876,3.4,0.3,2.2,-1.7
2007-12-16,2762.218,5.7,21.3,3.3,-1.7
2007-12-17,1797.066,5.4,0.0,0.6,-3.3
2007-12-18,2623.194,2.3,0.0,2.8,-1.7
2007-12-19,2196.052,1.1,2.0,6.1,1.1
2007-12-20,1949.758,2.3,0.0,6.7,1.7
2007-12-21,1982.576,4.2,0.0,3.9,2.2
2007-12-22,2611.264,3.8,0.0,5.0,1.7
2007-12-23,2409.048,2.9,18.0,16.1,5.0
2007-12-24,2257.848,3.5,0.0,10.0,2.8
2007-12-25,2694.968,2.4,0.0,6.1,1.7
2007-12-26,2580.28,2.8,13.0,3.9,0.0
2007-12-27,2532.198,2.0,1.3,6.1,2.2
2007-12-28,3113.052,2.1,0.5,9.4,4.4
2007-12-29,3298.956,2.4,14.5,10.6,5.6
2007-12-30,2558.916,1.8,3.0,6.1,1.7
2007-12-31,2216.542,2.8,5.6,6.7,1.7
2008-01-01,2759.738,2.9,4.3,8.3,2.8
2008-01-02,1644.106,4.1,0.0,3.3,-8.3
2008-01-03,1510.108,2.9,0.0,-6.7,-11.1
2008-01-04,2291.852,2.5,0.0,2.2,-8.9
2008-01-05,2183.248,1.6,1.5,6.1,0.0
2008-01-06,1825.184,0.8,0.3,10.0,2.2
2008-01-07,1695.814,1.9,0.0,16.7,7.2
2008-01-08,2043.55,3.0,0.0,17.8,11.7
2008-01-09,1788.44,3.8,0.8,17.8,8.3
2008-01-10,1894.076,1.6,0.3,10.0,5.0
2008-01-11,1705.818,2.3,32.8,13.3,4.4
2008-01-12,2871.408,2.0,0.0,9.4,5.6
2008-01-13,2881.656,3.6,7.6,7.2,2.2
2008-01-14,2024.932,2.9,4.6,3.9,1.1
2008-01-15,2686.912,3.7,0.0,3.3,0.0
2008-01-16,2135.852,3.4,0.0,3.9,-1.7
2008-01-17,1572.282,2.6,6.4,3.9,-1.1
2008-01-18,2186.988,4.0,11.7,8.9,1.7
2008-01-19,1980.306,0.0,0.0,2.8,0.0
2008-01-20,1740.368,4.9,0.0,1.1,-8.3
2008-01-21,1858.998,3.6,0.0,-3.3,-9.4
2008-01-22,2325.018,3.1,0.0,3.9,-5.0
2008-01-23,1882.308,3.6,0.0,4.4,-1.1
2008-01-24,1645.022,2.3,0.0,1.1,-4.4
2008-01-25,2239.856,3.7,0.0,0.6,-6.1
2008-01-26,2834.988,1.7,0.0,1.1,-3.9
2008-01-27,2381.766,3.2,0.0,3.9,-1.1
2008-01-28,2308.196,3.0,0.0,5.6,-2.8
2008-01-29,2676.024,1.7,0.3,6.1,-1.1
2008-01-30,1640.646,4.6,2.0,9.4,0.0
2008-01-31,1953.922,3.1,0.0,3.3,-2.2
2008-02-01,1534.652,5.3,41.4,11.7,0.0
2008-02-02,2936.034,4.0,0.0,6.1,1.7
2008-02-03,2084.568,1.1,0.0,9.4,0.6
2008-02-04,1628.138,3.5,1.8,5.6,1.1
2008-02-05,2472.456,2.5,1.3,11.1,3.3
2008-02-06,1669.54,2.4,1.0,20.0,5.0
2008-02-07,1518.31,3.0,1.3,9.4,3.3
2008-02-08,1950.564,2.2,0.0,7.2,1.7
2008-02-09,2102.276,2.2,1.5,6.7,2.8
2008-02-10,2184.714,5.3,0.0,6.7,-9.4
2008-02-11,1692.016,5.7,0.0,-4.4,-12.2
2008-02-12,1987.798,2.2,14.0,-0.6,-8.3
2008-02-13,1900.498,2.7,49.3,12.2,-0.6
2008-02-14,1604.622,3.4,0.0,4.4,-2.2
2008-02-15,2005.208,3.6,0.0,8.3,-0.6
2008-02-16,2346.948,2.6,0.0,1.1,-5.0
2008-02-17,1933.368,3.5,5.8,11.7,-1.1
2008-02-18,1514.404,3.9,6.9,17.8,4.4
2008-02-19,2126.916,4.3,0.0,5.0,-2.2
2008-02-20,2253.79,3.3,0.0,0.0,-4.4
2008-02-21,1633.85,2.9,0.0,0.6,-6.7
2008-02-22,1732.564,2.7,17.8,1.1,-3.9
2008-02-23,1833.97,2.0,0.3,1.1,-2.2
2008-02-24,1263.008,2.2,0.0,3.9,-4.4
2008-02-25,504.488,2.4,0.0,8.9,0.0
2008-02-26,507.12,1.9,5.3,8.3,3.3
2008-02-27,566.72,4.7,0.0,6.7,-5.6
2008-02-28,509.184,4.8,0.0,-2.2,-7.8
2008-02-29,1333.348,3.2,3.6,1.7,-8.3
2008-03-01,1141.876,4.1,3.6,7.8,0.6
2008-03-02,1162.226,4.1,0.0,6.1,-2.2
2008-03-03,1040.55,2.7,0.0,12.8,2.2
2008-03-04,1668.99,3.0,4.8,17.2,7.2
2008-03-05,2037.208,4.7,7.6,13.9,2.8
2008-03-06,2503.208,2.5,0.0,9.4,1.1
2008-03-07,1862.956,3.5,30.7,7.2,2.2
2008-03-08,2248.66,3.6,19.1,13.9,2.2
2008-03-09,1560.458,5.4,0.0,5.6,-1.1
2008-03-10,1618.686,3.4,0.0,7.2,-2.8
2008-03-11,2200.042,2.4,0.0,9.4,1.7
2008-03-12,1774.232,4.1,0.0,8.3,1.7
2008-03-13,1675.514,2.4,0.0,7.2,-0.6
2008-03-14,2210.22,2.8,0.5,13.3,4.4
2008-03-15,1576.3,3.8,2.8,13.3,5.0
2008-03-16,1801.96,3.4,1.0,8.3,1.7
2008-03-17,1706.918,3.8,0.0,10.0,-1.1
2008-03-18,1917.566,3.4,0.0,6.7,1.7
2008-03-19,1308.448,2.7,24.1,11.7,5.0
2008-03-20,1253.274,5.5,5.6,14.4,2.2
2008-03-21,2066.442,5.6,0.0,7.2,0.6
2008-03-22,2053.516,3.2,0.0,10.0,1.1
2008-03-23,2325.99,2.6,0.0,8.9,-1.1
2008-03-24,1974.668,2.9,0.0,10.0,0.6
2008-03-25,2015.856,3.6,0.0,8.9,-0.6
2008-03-26,1633.472,3.1,0.0,16.1,6.1
2008-03-27,1370.822,1.1,0.0,9.4,6.7
2008-03-28,1885.424,3.5,0.3,8.9,3.3
2008-03-29,2471.15,4.1,0.0,8.3,0.6
2008-03-30,2146.392,2.8,0.0,9.4,-2.2
2008-03-31,1377.57,3.2,3.6,13.9,2.8
2008-04-01,2129.052,3.8,7.6,19.4,12.2
2008-04-02,1691.672,4.7,0.0,12.2,2.8
2008-04-03,1128.756,2.1,1.3,10.0,0.6
2008-04-04,1631.918,2.7,16.0,11.7,5.6
2008-04-05,1970.762,2.9,2.0,15.0,10.0
2008-04-06,1696.318,5.9,0.0,10.6,5.6
2008-04-07,1538.838,4.8,0.0,10.6,5.0
2008-04-08,2657.516,3.9,0.0,14.4,5.0
2008-04-09,1218.852,2.1,0.5,14.4,4.4
2008-04-10,1477.746,1.6,0.0,23.9,8.9
2008-04-11,1877.664,3.0,2.0,16.1,9.4
2008-04-12,2800.014,2.2,8.6,24.4,8.9
2008-04-13,2232.986,3.8,0.0,13.3,6.1
2008-04-14,1589.582,2.8,0.0,14.4,3.3
2008-04-15,1670.406,2.4,0.0,16.1,5.6
2008-04-16,1489.064,2.1,0.0,20.0,7.2
2008-04-17,1395.862,1.7,0.0,22.8,7.8
2008-04-18,1862.39,1.4,0.0,28.9,10.6
2008-04-19,2253.71,3.2,0.0,23.3,11.1
2008-04-20,1791.418,4.4,0.0,17.8,9.4
2008-04-21,1164.156,5.1,0.0,17.2,8.3
2008-04-22,1627.676,2.7,0.0,22.2,8.9
2008-04-23,1357.328,2.0,0.0,25.6,11.7
2008-04-24,1043.772,2.5,0.0,26.1,17.2
2008-04-25,1267.734,2.5,0.0,21.7,13.3
2008-04-26,903.166,3.4,0.3,17.8,10.6
2008-04-27,1008.24,1.9,1.0,13.3,8.3
2008-04-28,659.052,3.1,30.0,14.4,8.3
2008-04-29,1972.616,3.1,1.0,13.9,7.8
2008-04-30,1101.726,2.9,0.0,13.9,5.6
2008-05-01,576.014,2.6,1.5,15.6,6.7
2008-05-02,1497.768,4.3,3.8,12.2,9.4
2008-05-03,1289.6,5.5,0.0,14.4,8.3
2008-05-04,1470.97,2.3,0.8,21.7,8.9
2008-05-05,1366.932,2.2,0.0,22.8,10.0
2008-05-06,1789.98,1.2,0.0,26.1,10.6
2008-05-07,1176.264,2.3,0.0,24.4,13.3
2008-05-08,2116.698,2.8,0.8,22.8,17.2
2008-05-09,1747.272,5.0,32.3,17.8,8.9
2008-05-10,1909.128,1.9,0.0,18.9,8.9
2008-05-11,1610.92,3.3,0.0,16.7,9.4
2008-05-12,1524.204,6.5,8.4,12.2,7.2
2008-05-13,1476.894,3.5,0.0,22.2,10.0
2008-05-14,1584.262,2.4,0.0,24.4,10.0
2008-05-15,1162.768,1.5,0.0,23.9,11.7
2008-05-16,1648.03,3.9,24.1,16.7,9.4
2008-05-17,1657.454,2.9,1.0,22.2,8.3
2008-05-18,1803.958,2.1,3.8,18.9,11.1
2008-05-19,1030.262,3.4,0.0,15.0,9.4
2008-05-20,1581.334,2.2,11.4,13.3,8.9
2008-05-21,1324.112,1.8,0.0,20.0,8.3
2008-05-22,976.868,2.9,2.0,15.6,8.3
2008-05-23,1484.916,3.6,0.0,20.6,9.4
2008-05-24,1580.176,2.1,0.0,21.7,11.7
2008-05-25,2048.504,2.1,0.0,25.0,11.7
2008-05-26,1289.71,3.1,0.0,26.7,14.4
2008-05-27,1708.7,3.1,5.8,28.3,15.6
2008-05-28,1114.372,3.0,0.0,20.0,11.7
2008-05-29,1135.076,2.3,0.0,23.9,10.0
2008-05-30,1397.244,2.1,0.0,27.8,14.4
2008-05-31,1641.47,2.6,6.1,24.4,17.8
2008-06-01,1848.876,2.8,0.0,27.8,18.3
2008-06-02,1074.012,2.7,0.0,26.7,15.6
2008-06-03,1597.816,1.9,0.0,28.9,17.8
2008-06-04,1588.912,2.2,17.0,21.7,13.9
2008-06-05,1120.078,2.6,0.3,23.3,16.1
2008-06-06,1217.714,2.0,0.0,23.3,15.0
2008-06-07,1882.484,1.8,0.0,34.4,16.1
2008-06-08,1542.322,2.1,2.5,33.9,23.3
2008-06-09,1325.698,2.7,0.0,35.6,24.4
2008-06-10,1067.09,2.1,1.0,35.6,20.6
2008-06-11,1123.206,2.0,0.0,29.4,21.1
2008-06-12,1259.332,2.2,0.0,29.4,20.6
2008-06-13,1874.28,2.1,0.0,28.3,18.9
2008-06-14,1384.92,1.4,51.1,31.7,20.0
2008-06-15,2289.102,1.6,2.0,28.3,18.3
2008-06-16,1303.044,1.7,5.3,25.6,16.1
2008-06-17,1145.084,2.7,0.0,23.9,16.1
2008-06-18,1893.608,1.6,1.8,22.8,13.9
2008-06-19,1588.082,1.8,0.0,24.4,13.9
2008-06-20,1676.104,1.6,5.1,26.1,16.1
2008-06-21,1734.254,1.4,0.0,28.3,15.6
2008-06-22,1566.416,2.7,1.3,26.1,20.6
2008-06-23,1251.796,1.2,1.5,26.1,20.6
2008-06-24,1754.452,2.6,2.5,26.7,17.8
2008-06-25,1261.77,2.5,0.0,28.3,17.2
2008-06-26,1056.02,2.2,0.8,27.2,21.7
2008-06-27,1755.152,1.7,0.0,28.3,22.8
2008-06-28,1208.8,1.2,11.9,31.7,22.2
2008-06-29,749.352,2.1,15.0,31.1,21.1
2008-06-30,804.196,2.0,0.3,28.3,21.1
2008-07-01,1215.24,2.1,0.0,29.4,21.1
2008-07-02,1147.202,2.1,0.0,29.4,19.4
2008-07-03,1098.36,3.0,0.0,31.7,21.7
2008-07-04,942.02,1.2,8.1,25.6,20.6
2008-07-05,1469.088,1.1,6.4,23.3,20.0
2008-07-06,1805.064,2.0,0.0,26.1,20.0
2008-07-07,983.39,1.6,0.0,27.8,21.1
2008-07-08,1126.214,2.9,0.0,31.7,22.8
2008-07-09,919.318,2.8,1.3,29.4,23.3
2008-07-10,1251.276,2.6,0.0,29.4,21.7
2008-07-11,1254.216,1.9,0.0,30.6,18.9
2008-07-12,1328.852,2.4,0.0,29.4,21.7
2008-07-13,1253.754,3.2,0.0,28.9,21.7
2008-07-14,1137.926,1.4,11.9,27.2,19.4
2008-07-15,1155.86,1.6,0.0,31.7,21.1
2008-07-16,1077.062,1.4,0.0,33.3,21.1
2008-07-17,1319.122,1.5,0.0,33.9,22.2
2008-07-18,1261.584,2.1,0.0,34.4,23.3
2008-07-19,1344.014,2.8,0.0,35.6,25.6
2008-07-20,941.534,3.1,0.3,34.4,23.9
2008-07-21,1156.478,2.5,0.3,33.3,22.8
2008-07-22,740.242,2.8,0.3,30.6,22.8
2008-07-23,942.63,2.2,25.4,26.7,20.6
2008-07-24,1093.45,2.9,16.8,27.2,20.6
2008-07-25,865.534,1.6,0.0,30.0,18.9
2008-07-26,815.684,2.6,0.0,30.6,21.7
2008-07-27,1147.396,2.1,1.5,28.3,19.4
2008-07-28,825.804,1.1,0.0,30.0,18.9
2008-07-29,1166.558,1.9,0.0,31.7,22.2
2008-07-30,1299.908,1.7,0.0,30.6,22.2
2008-07-31,1392.638,1.8,0.0,31.7,23.9
2008-08-01,739.576,1.5,0.0,32.2,23.3
2008-08-02,505.776,1.4,13.0,27.2,19.4
2008-08-03,504.782,2.7,0.0,28.9,17.8
2008-08-04,1125.92,2.6,0.0,29.4,20.0
2008-08-05,827.118,2.2,1.0,30.0,20.6
2008-08-06,326.112,2.4,8.4,30.6,21.1
2008-08-07,334.884,1.9,2.0,30.0,18.9
2008-08-08,302.2,2.2,4.3,26.7,17.8
2008-08-09,358.924,1.9,0.0,27.2,17.2
2008-08-10,352.032,2.1,1.0,27.2,18.3
2008-08-11,371.916,1.9,30.0,22.8,15.0
2008-08-12,288.984,2.5,0.0,27.8,15.6
2008-08-13,282.584,1.6,0.0,28.3,17.8
2008-08-14,270.258,1.4,12.7,30.0,17.8
2008-08-15,273.654,1.0,14.0,26.7,17.8
2008-08-16,274.814,1.4,0.0,27.2,17.2
2008-08-17,274.796,2.0,0.0,28.3,18.3
2008-08-18,273.758,2.8,0.0,30.6,21.1
2008-08-19,274.692,2.9,0.0,28.3,18.3
2008-08-20,268.472,1.9,0.0,25.6,14.4
2008-08-21,261.298,1.5,0.0,27.8,16.7
2008-08-22,267.124,1.4,0.0,28.3,18.9
2008-08-23,254.642,1.7,0.0,27.2,18.9
2008-08-24,254.716,2.2,0.0,27.8,20.0
2008-08-25,250.298,2.6,0.0,29.4,19.4
2008-08-26,257.564,2.7,0.0,26.7,16.1
2008-08-27,258.114,2.3,0.0,26.1,16.1
2008-08-28,268.246,1.8,0.0,28.9,17.2
2008-08-29,267.588,2.2,0.0,27.2,19.4
2008-08-30,270.424,1.1,55.4,28.3,19.4
2008-08-31,1500.614,1.7,0.0,28.9,18.3
2008-09-01,1247.51,1.8,0.0,28.9,17.8
2008-09-02,1384.154,2.2,0.0,31.1,20.0
2008-09-03,1388.486,2.2,0.0,28.3,20.0
2008-09-04,1225.22,2.1,0.0,32.2,21.1
2008-09-05,873.96,3.0,7.1,30.0,22.2
2008-09-06,1868.574,3.4,82.8,27.2,21.1
2008-09-07,1372.656,3.0,0.0,26.7,19.4
2008-09-08,1309.324,1.7,0.0,27.2,17.8
2008-09-09,1159.654,2.2,11.4,23.9,18.3
2008-09-10,1300.764,2.4,0.0,22.8,15.0
2008-09-11,1028.714,2.0,0.0,22.2,16.1
2008-09-12,1392.762,2.2,9.9,21.1,17.2
2008-09-13,1631.436,0.7,0.0,27.2,18.3
2008-09-14,1576.326,2.2,0.0,31.1,21.1
2008-09-15,1697.708,3.5,0.0,28.3,18.3
2008-09-16,1221.862,1.8,0.0,21.1,16.1
2008-09-17,1519.21,1.0,0.0,23.3,13.9
2008-09-18,1505.29,3.3,0.0,22.8,15.0
2008-09-19,1518.846,3.9,0.0,18.9,11.1
2008-09-20,1304.6,1.6,0.0,20.6,10.6
2008-09-21,1533.07,1.0,0.0,26.7,13.3
2008-09-22,1358.564,3.2,0.0,23.3,15.6
2008-09-23,1232.788,2.5,0.0,21.1,12.2
2008-09-24,1718.35,2.6,0.0,20.6,12.8
2008-09-25,1131.22,5.2,3.8,18.3,12.8
2008-09-26,1431.45,5.1,59.4,18.9,13.3
2008-09-27,2127.446,3.0,0.3,20.6,17.2
2008-09-28,1731.104,0.8,4.3,21.7,18.9
2008-09-29,1501.738,2.1,0.0,23.3,16.1
2008-09-30,1375.006,0.9,0.0,20.6,15.0
2008-10-01,1872.364,1.4,7.6,21.7,13.9
2008-10-02,1345.342,3.3,0.0,16.7,11.1
2008-10-03,1612.58,2.6,0.0,16.7,10.6
2008-10-04,2100.496,1.5,0.0,16.1,8.3
2008-10-05,1549.95,1.9,8.1,16.7,11.1
2008-10-06,1423.782,2.3,0.0,17.8,8.3
2008-10-07,1726.568,1.4,0.0,17.2,6.7
2008-10-08,1860.576,1.9,0.3,17.8,8.3
2008-10-09,1983.682,2.8,1.0,23.9,14.4
2008-10-10,1518.338,1.4,0.0,22.2,14.4
2008-10-11,1669.386,1.3,0.0,20.6,11.1
2008-10-12,1907.94,1.4,0.0,21.1,11.7
2008-10-13,1461.976,1.6,0.0,23.3,14.4
2008-10-14,1609.056,1.8,0.0,20.0,14.4
2008-10-15,2156.896,1.0,0.0,21.1,13.9
2008-10-16,1583.68,2.4,0.0,23.9,12.8
2008-10-17,1866.886,3.0,0.0,15.6,10.0
2008-10-18,2239.19,4.0,0.0,14.4,6.1
2008-10-19,1971.934,3.6,0.0,12.8,5.6
2008-10-20,1667.554,2.1,0.0,15.6,5.0
2008-10-21,2063.716,3.8,0.3,16.1,7.2
2008-10-22,1646.01,4.3,0.0,11.7,5.0
2008-10-23,1830.494,2.3,0.0,11.7,4.4
2008-10-24,2133.226,1.4,0.0,13.9,3.9
2008-10-25,1523.156,3.8,23.9,18.3,11.7
2008-10-26,523.492,2.4,0.0,16.7,8.9
2008-10-27,523.892,1.9,2.0,17.8,7.8
2008-10-28,1327.29,5.0,48.8,8.3,3.9
2008-10-29,1612.576,4.2,0.0,7.8,3.3
2008-10-30,1098.6,3.1,0.0,8.9,2.2
2008-10-31,1285.832,2.6,0.0,16.1,4.4
2008-11-01,830.498,2.0,0.0,18.9,10.0
2008-11-02,910.614,3.5,0.0,10.0,3.3
2008-11-03,847.6,0.7,0.3,14.4,7.2
2008-11-04,1562.316,0.6,0.0,17.2,9.4
2008-11-05,3134.93,4.1,7.4,17.8,12.2
2008-11-06,1588.438,4.7,3.3,16.7,14.4
2008-11-07,1619.184,1.2,0.0,17.8,14.4
2008-11-08,1733.138,2.3,7.6,15.6,11.7
2008-11-09,2578.538,3.0,0.0,13.3,8.3
2008-11-10,2091.88,3.9,0.0,10.6,5.6
2008-11-11,2455.95,3.1,0.0,10.6,2.8
2008-11-12,2186.494,1.5,0.0,10.0,4.4
2008-11-13,1238.46,2.3,13.5,14.4,7.2
2008-11-14,1621.738,1.4,2.5,17.8,13.9
2008-11-15,3031.628,2.9,18.8,19.4,14.4
2008-11-16,2365.432,5.0,3.8,15.6,4.4
2008-11-17,1523.636,2.9,0.0,8.3,2.2
2008-11-18,1749.05,3.7,0.0,5.0,-1.7
2008-11-19,1840.238,3.4,0.0,2.8,-3.3
2008-11-20,1692.336,2.6,0.0,3.3,-1.1
2008-11-21,1673.93,3.1,0.0,3.3,-3.9
2008-11-22,1711.368,4.7,0.0,0.0,-5.0
2008-11-23,3405.324,2.7,0.0,2.2,-4.4
2008-11-24,3212.998,3.3,4.1,10.0,0.6
2008-11-25,2702.85,2.7,10.4,8.3,2.2
2008-11-26,1515.954,3.0,0.0,7.2,2.2
2008-11-27,2362.218,2.6,0.0,6.7,1.7
2008-11-28,1885.964,3.3,0.0,9.4,3.9
2008-11-29,2434.668,2.4,0.0,7.8,1.7
2008-11-30,2401.388,4.7,18.3,6.1,2.2
2008-12-01,1616.538,3.8,2.8,12.8,6.1
2008-12-02,1793.444,3.1,0.0,7.2,1.7
2008-12-03,1755.164,2.8,0.0,5.6,0.0
2008-12-04,1738.638,3.3,0.8,10.0,3.9
2008-12-05,2058.618,2.2,0.0,5.0,0.0
2008-12-06,2523.836,2.2,0.5,2.2,-2.2
2008-12-07,2466.74,4.8,0.0,2.2,-6.7
2008-12-08,1868.636,3.3,0.0,-1.1,-7.2
2008-12-09,2003.144,3.3,0.0,14.4,-1.1
2008-12-10,2111.02,3.7,6.9,18.3,6.1
2008-12-11,1432.522,5.3,59.7,6.1,2.8
2008-12-12,1815.534,4.0,23.6,6.7,0.0
2008-12-13,1825.574,3.3,0.0,0.0,-2.8
2008-12-14,2002.12,2.9,0.0,9.4,-1.7
2008-12-15,1795.45,3.0,0.3,19.4,8.9
2008-12-16,1797.09,3.4,7.1,14.4,-1.1
2008-12-17,2098.786,3.1,10.7,5.6,0.0
2008-12-18,1736.94,1.8,0.0,5.6,2.2
2008-12-19,1882.112,4.6,23.6,2.8,-1.7
2008-12-20,2242.502,3.9,1.0,-0.6,-5.6
2008-12-21,2643.61,4.3,14.7,2.8,-3.9
2008-12-22,2015.808,6.2,0.0,-2.8,-10.6
2008-12-23,1798.088,2.6,0.0,-0.6,-7.8
2008-12-24,1269.638,3.2,11.7,14.4,-0.6
2008-12-25,1061.118,4.4,3.3,13.9,0.6
2008-12-26,1223.732,2.3,0.5,5.0,0.0
2008-12-27,2972.164,2.3,0.0,8.9,5.0
2008-12-28,1570.642,4.2,0.0,18.3,8.3
2008-12-29,555.278,3.2,0.0,8.3,2.8
2008-12-30,1195.238,4.3,0.0,6.1,0.6
2008-12-31,1964.188,5.8,1.0,1.7,-7.8
2009-01-01,1406.692,5.0,0.0,-3.3,-9.4
2009-01-02,2327.51,2.8,0.0,1.1,-5.0
2009-01-03,1913.496,4.5,0.0,3.3,-1.7
2009-01-04,1939.994,3.4,0.0,5.6,-3.9
2009-01-05,1604.0,3.1,0.0,6.1,3.3
2009-01-06,1689.862,3.0,2.0,3.3,-0.6
2009-01-07,2080.272,4.7,30.2,3.3,-0.6
2009-01-08,1633.27,5.1,0.0,3.3,-1.7
2009-01-09,1788.702,4.3,0.0,0.0,-3.3
2009-01-10,2102.948,3.0,3.6,-1.1,-5.0
2009-01-11,1975.988,3.1,4.8,-0.6,-4.4
2009-01-12,1589.278,2.8,0.0,0.6,-6.1
2009-01-13,2182.6,2.4,0.0,5.0,-2.2
2009-01-14,1776.282,3.8,0.0,2.2,-8.9
2009-01-15,1564.068,3.4,1.3,-5.6,-9.4
2009-01-16,2766.554,4.1,0.0,-8.9,-12.8
2009-01-17,3317.82,2.5,0.0,-5.6,-14.4
2009-01-18,3154.194,2.4,4.6,1.7,-5.6
2009-01-19,1699.866,1.0,4.6,0.6,-3.3
2009-01-20,1738.028,2.7,0.0,-1.7,-7.2
2009-01-21,1739.434,3.7,0.0,-3.3,-8.3
2009-01-22,1237.356,3.0,0.0,2.8,-6.7
2009-01-23,1910.536,2.2,0.0,8.3,-0.6
2009-01-24,2200.77,5.1,0.0,7.8,-8.3
2009-01-25,2843.664,2.8,0.0,-2.8,-10.6
2009-01-26,1674.472,2.2,0.0,-1.7,-7.2
2009-01-27,1425.03,1.9,0.0,-1.7,-3.9
2009-01-28,2721.734,4.3,24.6,5.0,-4.4
2009-01-29,1573.698,3.8,0.0,2.2,-3.3
2009-01-30,2059.038,3.0,0.0,1.7,-3.3
2009-01-31,3312.852,3.8,0.0,-2.8,-6.7
2009-02-01,1807.46,3.4,0.0,11.1,-3.3
2009-02-02,1603.3,2.3,0.0,11.7,1.1
2009-02-03,1868.39,3.6,8.9,1.1,-3.9
2009-02-04,2460.924,3.4,0.0,-1.1,-8.3
2009-02-05,1649.088,4.3,0.0,-5.0,-11.1
2009-02-06,2048.396,2.4,0.0,0.0,-9.4
2009-02-07,3131.536,1.7,0.0,10.0,-2.2
2009-02-08,2182.866,4.3,0.0,14.4,3.3
2009-02-09,1706.638,2.6,0.0,7.2,0.6
2009-02-10,1943.822,1.7,0.0,10.0,1.7
2009-02-11,2639.39,2.0,0.8,18.3,7.2
2009-02-12,1968.66,6.0,3.0,13.9,6.7
2009-02-13,1690.022,5.4,0.0,6.7,-0.6
2009-02-14,2332.594,2.8,0.0,5.0,-2.2
2009-02-15,1586.032,3.2,0.0,5.6,-2.2
2009-02-16,1318.994,2.4,0.0,4.4,-2.2
2009-02-17,781.698,2.2,0.0,4.4,-4.4
2009-02-18,826.45,2.5,8.1,6.7,0.0
2009-02-19,737.268,4.1,0.0,10.0,-2.8
2009-02-20,1880.736,6.1,0.0,0.6,-5.0
2009-02-21,1316.184,3.4,0.0,5.6,-3.3
2009-02-22,2238.478,4.0,1.8,6.7,-0.6
2009-02-23,2733.656,6.0,0.0,1.1,-4.4
2009-02-24,1783.144,4.3,0.0,2.8,-5.6
2009-02-25,1169.844,1.9,0.0,5.6,-4.4
2009-02-26,1156.852,2.1,0.0,10.0,1.7
2009-02-27,2028.918,3.6,1.0,16.1,6.1
2009-02-28,1630.75,4.2,0.0,12.2,-0.6
2009-03-01,2467.626,4.4,3.8,2.2,-2.2
2009-03-02,1477.442,4.9,12.4,-2.2,-8.9
2009-03-03,1848.952,5.2,0.0,-3.3,-11.1
2009-03-04,1842.13,2.6,0.0,1.1,-7.8
2009-03-05,1441.812,1.8,0.0,6.1,-2.2
2009-03-06,1783.474,3.6,0.3,12.8,3.3
2009-03-07,1696.466,2.0,0.0,21.1,10.6
2009-03-08,2357.166,3.2,0.0,17.8,9.4
2009-03-09,1685.556,3.5,2.5,9.4,3.3
2009-03-10,1836.21,2.3,0.3,8.3,2.8
2009-03-11,2405.904,3.3,0.0,14.4,5.0
2009-03-12,1887.26,4.1,0.0,6.7,0.0
2009-03-13,1445.52,2.8,0.0,4.4,-2.8
2009-03-14,2149.028,2.2,0.0,10.6,0.0
2009-03-15,1942.062,1.0,0.0,10.6,5.6
2009-03-16,1334.732,2.8,0.0,8.3,4.4
2009-03-17,1931.91,2.6,0.0,12.8,2.2
2009-03-18,1450.68,3.6,0.0,17.8,5.0
2009-03-19,1191.532,2.0,3.3,11.7,5.6
2009-03-20,1463.906,3.4,1.0,7.8,0.6
2009-03-21,1930.022,3.0,0.0,9.4,-0.6
2009-03-22,1689.17,3.8,0.0,12.2,1.7
2009-03-23,1296.45,3.9,0.0,6.7,-1.7
2009-03-24,1661.712,3.6,0.0,10.0,-2.8
2009-03-25,1838.774,2.5,0.0,11.1,1.7
2009-03-26,1211.004,2.1,10.2,7.2,5.6
2009-03-27,1713.926,2.1,0.0,17.2,6.7
2009-03-28,2260.976,3.5,1.3,14.4,6.7
2009-03-29,2216.65,3.4,9.4,11.1,5.6
2009-03-30,1477.452,5.4,0.0,11.7,5.0
2009-03-31,1823.482,3.2,0.0,15.6,3.3
2009-04-01,1641.14,3.0,9.1,9.4,6.1
2009-04-02,1644.334,2.5,0.3,17.8,6.7
2009-04-03,1363.26,3.7,23.1,16.1,8.9
2009-04-04,2191.232,6.6,0.0,12.2,8.3
2009-04-05,1375.716,3.4,0.0,18.3,7.2
2009-04-06,1452.634,2.8,14.2,12.8,7.2
2009-04-07,1440.092,4.3,0.0,9.4,3.9
2009-04-08,1534.6,2.8,0.0,8.9,1.7
2009-04-09,1890.472,2.2,0.0,17.2,5.0
2009-04-10,1842.114,2.2,0.0,15.0,7.2
2009-04-11,2462.446,3.8,14.2,10.0,5.0
2009-04-12,2141.012,4.4,0.0,9.4,2.2
2009-04-13,1598.624,2.9,0.0,13.9,1.1
2009-04-14,1501.538,4.0,4.3,11.1,5.6
2009-04-15,1216.062,4.2,5.1,13.9,5.6
2009-04-16,1564.524,3.0,0.0,17.8,6.7
2009-04-17,2042.81,1.6,0.0,21.7,5.6
2009-04-18,1512.266,2.1,0.0,26.1,12.2
2009-04-19,1286.468,3.6,0.0,17.2,8.3
2009-04-20,1486.51,5.3,45.5,10.0,5.6
2009-04-21,1894.598,3.0,2.3,15.0,8.9
2009-04-22,1496.198,2.4,1.0,13.3,8.3
2009-04-23,1141.46,3.8,0.0,13.9,6.1
2009-04-24,1194.048,1.8,0.0,22.2,8.3
2009-04-25,2022.284,2.0,0.0,31.1,11.1
2009-04-26,1781.626,1.8,0.0,33.3,19.4
2009-04-27,1351.628,2.7,0.0,28.9,14.4
2009-04-28,1706.386,4.0,0.0,32.2,20.6
2009-04-29,1664.68,3.3,0.0,20.6,9.4
2009-04-30,1834.762,1.9,0.0,16.1,8.9
2009-05-01,1512.802,3.1,10.7,21.7,11.7
2009-05-02,1393.91,2.2,2.8,20.0,12.2
2009-05-03,1608.878,1.4,10.4,15.6,11.1
2009-05-04,1667.882,2.0,8.9,13.9,10.6
2009-05-05,1731.474,4.1,7.9,12.2,10.6
2009-05-06,1349.902,2.2,29.2,18.3,9.4
2009-05-07,1012.648,1.5,26.9,21.1,10.6
2009-05-08,1857.156,1.3,0.0,23.3,13.3
2009-05-09,1261.352,2.1,15.7,24.4,14.4
2009-05-10,1966.552,4.5,0.0,21.1,12.2
2009-05-11,1517.176,2.1,0.0,18.9,10.0
2009-05-12,1625.956,1.5,0.0,20.6,10.0
2009-05-13,1246.398,2.4,0.0,19.4,9.4
2009-05-14,1606.984,3.4,1.3,19.4,13.3
2009-05-15,1422.226,1.3,0.0,24.4,15.6
2009-05-16,2007.378,2.2,4.1,21.7,14.4
2009-05-17,1543.764,2.9,1.0,18.9,11.1
2009-05-18,1209.906,2.3,0.0,14.4,9.4
2009-05-19,1617.344,1.9,0.0,20.6,6.1
2009-05-20,1307.162,2.2,0.0,27.8,11.1
2009-05-21,1575.15,3.0,0.0,30.0,15.6
2009-05-22,1074.806,2.8,0.0,28.9,16.7
2009-05-23,1530.598,,0.0,22.8,15.6
2009-05-24,1287.786,,0.0,28.3,15.6
2009-05-25,1354.096,,0.0,27.2,17.2
2009-05-26,1337.674,,0.0,18.9,11.7
2009-05-27,1544.292,1.0,0.0,18.3,11.7
2009-05-28,1179.736,0.1,1.5,16.1,13.3
2009-05-29,1242.846,0.7,10.9,23.3,12.8
2009-05-30,1659.106,,0.0,25.0,15.6
2009-05-31,956.89,,0.0,27.2,13.9
2009-06-01,1443.26,2.3,0.0,21.7,10.0
2009-06-02,1090.638,1.8,1.5,26.7,16.1
2009-06-03,1356.578,1.6,12.7,22.2,12.2
2009-06-04,1035.66,1.1,13.7,20.0,12.8
2009-06-05,1230.36,3.2,23.9,15.6,12.8
2009-06-06,1475.45,1.6,0.0,24.4,13.9
2009-06-07,1207.392,1.9,0.0,27.8,17.2
2009-06-08,1178.776,2.6,0.5,23.9,16.7
2009-06-09,1332.85,2.3,46.5,21.7,15.6
2009-06-10,1602.996,2.7,0.0,19.4,15.0
2009-06-11,1300.65,2.9,4.1,17.8,15.0
2009-06-12,1101.732,1.3,15.5,26.7,16.7
2009-06-13,14.218,1.9,3.3,22.8,16.1
2009-06-15,771.908,1.4,12.7,22.2,13.9
2009-06-16,1508.792,2.6,0.0,21.1,13.3
2009-06-17,988.016,2.2,0.0,20.0,12.8
2009-06-18,1165.7,2.8,58.4,17.8,15.6
2009-06-19,1086.866,1.4,0.0,25.0,17.2
2009-06-20,1107.1,1.6,7.1,21.7,17.2
2009-06-21,855.142,2.8,11.4,25.6,17.2
2009-06-22,1094.098,3.3,0.0,23.9,18.3
2009-06-23,1039.214,2.3,0.0,26.7,18.9
2009-06-24,1534.874,1.2,7.6,24.4,18.3
2009-06-25,771.362,1.3,0.0,26.7,17.8
2009-06-26,1277.322,,18.5,28.3,17.8
2009-06-27,1709.052,,0.5,27.2,17.2
2009-06-28,1059.394,,0.0,27.8,17.8
2009-06-29,1010.134,2.4,0.0,27.2,18.3
2009-06-30,1192.446,1.6,16.8,28.9,18.3
2009-07-01,1218.342,2.3,0.0,27.2,18.9
2009-07-02,1242.578,1.9,15.2,24.4,18.9
2009-07-03,864.148,2.2,0.0,25.6,18.3
2009-07-04,1238.568,3.2,0.0,26.1,18.9
2009-07-05,1410.736,2.0,0.0,26.1,16.1
2009-07-06,954.26,1.7,0.0,28.3,17.2
2009-07-07,1110.136,2.3,3.3,26.1,16.1
2009-07-08,1234.4,2.2,0.0,25.0,14.4
2009-07-09,846.252,3.5,0.0,22.8,16.1
2009-07-10,1187.118,2.0,0.0,25.6,15.6
2009-07-11,993.968,2.5,8.4,25.6,17.2
2009-07-12,513.478,2.2,0.5,27.2,17.8
2009-07-13,496.746,1.4,0.0,26.1,16.1
2009-07-14,911.43,2.2,0.0,26.1,16.1
2009-07-15,718.074,1.6,0.0,27.8,17.2
2009-07-16,599.554,2.2,0.0,28.9,21.1
2009-07-17,731.808,1.9,5.3,30.0,20.0
2009-07-18,966.41,2.9,0.5,28.3,20.0
2009-07-19,1203.644,2.1,0.0,27.2,17.8
2009-07-20,662.486,2.0,0.0,27.2,19.4
2009-07-21,813.7620000000001,2.8,29.0,21.7,17.8
2009-07-22,739.532,1.3,0.0,27.8,17.8
2009-07-23,1030.0,3.4,9.9,25.0,17.8
2009-07-24,561.738,2.1,0.5,25.6,17.2
2009-07-25,536.688,2.2,0.0,28.3,18.9
2009-07-26,543.016,2.1,36.1,28.9,19.4
2009-07-27,688.566,1.7,15.2,28.3,20.0
2009-07-28,902.85,1.3,0.0,29.4,21.7
2009-07-29,902.0,2.2,38.6,28.3,21.1
2009-07-30,792.326,2.4,0.0,29.4,22.2
2009-07-31,975.83,2.1,18.0,29.4,19.4
2009-08-01,706.966,1.9,0.0,28.3,18.3
2009-08-02,489.724,2.4,26.7,23.3,19.4
2009-08-03,500.298,1.0,0.0,28.9,21.1
2009-08-04,508.892,1.9,0.0,28.3,20.0
2009-08-05,518.652,1.8,0.0,29.4,22.8
2009-08-06,532.672,1.3,0.0,25.0,18.9
2009-08-07,539.296,2.2,0.0,26.1,17.8
2009-08-08,526.472,2.1,0.0,25.6,17.2
2009-08-09,998.234,1.5,0.3,26.1,21.1
2009-08-10,1069.358,2.7,13.2,32.8,20.0
2009-08-11,950.954,2.1,0.0,30.6,24.4
2009-08-12,824.436,2.9,0.0,26.1,21.7
2009-08-13,606.842,2.6,0.5,22.2,20.0
2009-08-14,748.676,1.2,0.0,30.0,19.4
2009-08-15,1514.062,1.4,0.0,31.1,21.1
2009-08-16,1217.712,1.5,0.0,32.8,22.8
2009-08-17,785.908,1.7,0.0,33.3,23.9
2009-08-18,1080.598,2.2,16.3,32.2,20.0
2009-08-19,880.742,1.8,0.0,32.2,21.7
2009-08-20,775.722,1.4,0.0,31.7,23.9
2009-08-21,1161.746,2.2,3.3,31.7,22.2
2009-08-22,1548.738,1.3,18.8,27.2,21.1
2009-08-23,1066.708,0.8,0.5,28.9,22.8
2009-08-24,1252.254,1.4,0.0,27.8,20.6
2009-08-25,943.61,1.5,0.0,28.3,20.6
2009-08-26,1136.546,2.5,0.8,29.4,21.1
2009-08-27,749.466,1.6,0.0,25.6,19.4
2009-08-28,1118.842,2.6,13.0,22.2,17.8
2009-08-29,1388.414,2.4,14.0,22.2,19.4
2009-08-30,1668.342,2.4,0.0,27.2,18.9
2009-08-31,1265.522,2.2,0.0,22.2,16.7
2009-09-01,980.536,1.7,0.0,23.3,13.9
2009-09-02,1222.814,1.0,0.0,25.0,13.9
2009-09-03,1251.188,1.6,0.0,25.6,16.1
2009-09-04,1024.388,1.8,0.0,28.3,16.7
2009-09-05,1513.866,1.6,0.0,28.9,20.6
2009-09-06,1228.63,4.0,0.0,23.9,17.2
2009-09-07,1221.458,1.8,0.0,23.3,15.6
2009-09-08,1086.254,0.8,0.0,23.3,16.7
2009-09-09,1521.344,3.7,0.0,24.4,17.2
2009-09-10,1112.354,5.6,0.0,20.0,15.6
2009-09-11,1214.146,6.1,21.3,18.9,13.3
2009-09-12,2064.358,2.3,0.8,19.4,17.2
2009-09-13,1570.302,1.9,0.0,26.1,17.8
2009-09-14,1574.858,2.2,0.0,24.4,16.1
2009-09-15,1456.806,1.8,0.0,25.6,17.2
2009-09-16,1743.162,4.6,0.0,21.1,17.2
2009-09-17,1223.426,2.6,0.3,17.2,12.8
2009-09-18,1374.032,2.6,0.0,23.3,13.3
2009-09-19,2135.71,1.7,0.0,21.1,11.7
2009-09-20,2035.328,1.6,0.0,22.8,12.2
2009-09-21,1417.868,1.8,0.0,23.9,13.9
2009-09-22,1246.536,1.3,0.0,22.8,17.8
2009-09-23,1636.61,2.5,0.0,26.7,20.6
2009-09-24,1426.258,2.1,0.8,27.8,18.9
2009-09-25,1161.016,3.3,0.0,20.6,13.3
2009-09-26,1556.254,2.9,3.6,19.4,12.2
2009-09-27,1410.472,2.1,26.2,20.0,15.0
2009-09-28,1299.456,2.9,4.6,22.2,14.4
2009-09-29,1146.398,3.2,0.0,18.9,12.2
2009-09-30,1772.736,3.5,0.0,15.6,9.4
2009-10-01,1287.252,2.2,0.0,12.8,8.3
2009-10-02,1152.668,2.1,1.5,17.8,8.3
2009-10-03,1716.74,1.3,7.4,21.1,17.2
2009-10-04,1621.106,1.9,0.0,23.3,13.9
2009-10-05,1275.522,3.2,0.0,19.4,11.7
2009-10-06,1428.448,2.0,0.0,18.9,10.0
2009-10-07,1821.834,4.9,4.1,20.6,13.9
2009-10-08,1577.166,2.6,0.0,17.2,11.1
2009-10-09,1351.862,1.8,0.8,20.6,15.0
2009-10-10,2012.756,2.2,0.0,18.9,10.0
2009-10-11,1938.284,2.5,0.0,17.8,7.8
2009-10-12,1351.604,1.2,0.0,11.7,6.1
2009-10-13,1449.1,2.7,0.0,17.8,7.8
2009-10-14,1711.224,1.3,0.0,11.7,5.0
2009-10-15,1489.976,5.1,15.0,8.3,2.8
2009-10-16,1516.86,4.1,1.3,7.8,2.8
2009-10-17,2742.08,4.2,0.8,8.9,5.6
2009-10-18,1556.164,4.0,7.4,7.2,5.0
2009-10-19,1369.108,1.7,0.0,12.8,2.8
2009-10-20,1722.808,1.7,0.0,18.3,7.2
2009-10-21,1969.506,0.5,0.0,20.0,11.1
2009-10-22,1399.71,2.8,0.0,23.3,12.2
2009-10-23,1757.45,4.0,4.8,17.8,9.4
2009-10-24,2614.408,3.0,46.0,18.3,11.7
2009-10-25,2406.536,2.7,0.0,16.7,10.6
2009-10-26,1112.344,2.0,0.0,15.6,7.8
2009-10-27,1116.756,3.1,15.7,12.8,10.0
2009-10-28,1268.708,3.9,32.8,13.9,10.6
2009-10-29,1981.44,2.4,0.0,13.9,9.4
2009-10-30,1493.358,2.5,0.0,15.0,11.1
2009-10-31,1875.942,3.1,4.3,21.7,12.8
2009-11-01,1843.168,2.6,0.3,14.4,9.4
2009-11-02,1504.226,3.7,0.0,12.8,7.8
2009-11-03,2266.688,2.1,0.0,15.6,6.1
2009-11-04,1801.8,2.2,0.0,11.1,5.0
2009-11-05,1560.466,2.0,0.0,11.7,5.6
2009-11-06,1390.45,3.2,0.0,10.0,2.8
2009-11-07,1557.176,2.2,0.0,11.7,1.7
2009-11-08,2508.002,1.1,0.0,20.6,8.3
2009-11-09,1404.752,1.8,0.0,19.4,9.4
2009-11-10,1606.184,2.1,0.0,18.3,13.3
2009-11-11,2040.48,4.9,0.0,13.9,8.9
2009-11-12,1463.066,6.4,1.8,10.0,7.2
2009-11-13,1532.926,7.0,1.0,12.8,8.9
2009-11-14,2560.456,3.0,12.4,13.9,11.1
2009-11-15,1967.308,1.5,0.5,18.9,12.2
2009-11-16,1514.468,2.3,0.0,15.0,9.4
2009-11-17,1708.294,3.3,0.0,12.8,7.8
2009-11-18,2639.174,3.3,0.0,11.7,5.6
2009-11-19,1474.848,2.8,4.6,15.0,8.3
2009-11-20,1961.016,3.1,12.7,16.1,8.9
2009-11-21,2496.856,2.1,0.0,13.9,7.8
2009-11-22,2450.976,3.1,0.0,12.8,7.2
2009-11-23,1471.122,5.0,0.0,10.0,6.7
2009-11-24,2128.856,3.3,0.0,14.4,8.9
2009-11-25,1980.13,2.4,0.8,10.6,9.4
2009-11-26,1599.626,2.1,0.0,13.9,10.0
2009-11-27,1380.026,4.3,0.0,10.0,6.1
2009-11-28,1858.95,5.1,0.0,10.0,5.6
2009-11-29,1650.962,2.3,0.0,15.0,3.9
2009-11-30,1745.19,3.1,6.9,13.9,4.4
2009-12-01,1756.378,3.2,0.0,8.3,1.7
2009-12-02,2345.668,2.2,11.4,13.3,5.0
2009-12-03,1479.688,4.4,18.5,18.9,9.4
2009-12-04,1711.294,2.4,0.0,11.1,6.7
2009-12-05,2351.762,3.3,16.3,7.2,0.6
2009-12-06,2378.288,3.2,0.0,3.3,0.6
2009-12-07,1742.638,2.0,0.0,3.9,0.0
2009-12-08,2006.884,3.3,0.0,6.7,1.1
2009-12-09,1802.356,3.7,37.6,11.7,0.6
2009-12-10,2054.286,5.5,0.0,7.8,-2.8
2009-12-11,1784.462,5.7,0.0,-1.7,-6.1
2009-12-12,1816.38,3.4,0.0,2.8,-3.9
2009-12-13,2138.814,2.7,24.1,11.1,1.1
2009-12-14,1794.862,2.4,0.0,7.8,4.4
2009-12-15,1940.116,3.1,0.0,11.1,5.6
2009-12-16,1394.874,4.9,0.0,5.6,-2.2
2009-12-17,1717.182,5.1,0.0,-0.6,-6.7
2009-12-18,1744.706,2.4,0.0,-1.1,-8.9
2009-12-19,2204.334,4.8,15.5,-1.1,-6.1
2009-12-20,1144.166,4.4,3.3,1.1,-6.1
2009-12-21,2034.966,4.8,0.0,2.2,-2.2
2009-12-22,1888.022,4.1,0.0,2.2,-5.0
2009-12-23,1455.2,4.3,0.0,-1.1,-6.7
2009-12-24,2905.894,2.5,0.0,3.9,-4.4
2009-12-25,2127.648,4.2,6.1,3.3,0.6
2009-12-26,2183.618,5.5,37.6,12.2,2.8
2009-12-27,2195.452,3.4,8.4,12.8,4.4
2009-12-28,2094.098,4.0,0.0,6.1,-1.1
2009-12-29,2047.968,6.4,0.0,-0.6,-8.9
2009-12-30,2451.11,2.6,0.0,0.0,-7.2
2009-12-31,2211.892,1.6,5.8,1.7,-1.7
2010-01-01,1224.252,1.5,0.8,4.4,0.6
2010-01-02,1308.836,5.6,0.5,1.1,-8.3
2010-01-03,2083.454,6.4,0.0,-5.6,-8.3
2010-01-04,1604.132,4.8,0.0,-1.1,-7.2
2010-01-05,2219.78,4.4,0.0,-1.1,-6.7
2010-01-06,1777.18,4.3,0.0,1.1,-3.3
2010-01-07,1769.442,3.9,0.0,2.8,-1.1
2010-01-08,1797.208,3.4,1.3,0.6,-5.0
2010-01-09,2336.9,3.9,0.0,-1.1,-7.8
2010-01-10,2508.466,3.1,0.0,-2.2,-10.0
2010-01-11,1518.684,3.2,0.0,-0.6,-6.1
2010-01-12,1282.538,4.2,0.0,1.7,-4.4
2010-01-14,618.488,1.5,0.0,5.6,-1.1
2010-01-15,2196.76,3.5,0.0,10.0,1.7
2010-01-16,2150.112,2.9,0.0,9.4,3.3
2010-01-17,1906.556,1.7,14.5,7.8,1.7
2010-01-18,1881.098,,1.3,10.0,2.8
2010-01-19,2433.508,,0.0,8.9,4.4
2010-01-20,2351.728,2.8,0.0,5.0,1.1
2010-01-21,2137.856,1.4,0.0,5.0,-0.6
2010-01-22,1790.626,2.9,0.0,6.7,0.0
2010-01-23,2608.51,1.4,0.0,4.4,-2.2
2010-01-24,2269.42,1.1,0.5,10.0,0.0
2010-01-25,1930.51,,31.8,13.9,9.4
2010-01-26,2067.564,3.9,0.0,9.4,1.7
2010-01-27,2760.902,3.1,0.0,3.9,-0.6
2010-01-28,2110.234,3.8,2.3,5.6,-6.7
2010-01-29,2092.99,5.2,0.0,-5.0,-8.9
2010-01-30,2842.728,4.0,0.0,-6.7,-10.6
2010-01-31,1799.196,2.8,0.0,-1.1,-10.0
2010-02-01,1693.778,3.6,0.0,1.7,-3.9
2010-02-02,2157.432,1.9,0.8,0.6,-2.8
2010-02-03,2903.014,2.3,1.5,3.9,-1.7
2010-02-04,2316.27,4.0,0.0,2.8,-2.2
2010-02-05,2098.892,2.1,0.0,2.2,-1.7
2010-02-06,2712.986,6.1,0.0,0.6,-6.7
2010-02-07,1625.708,4.5,0.0,1.1,-8.3
2010-02-08,2582.238,4.4,0.0,2.8,-5.0
2010-02-09,2420.932,2.3,0.0,5.6,-2.2
2010-02-10,1944.542,5.5,33.8,1.1,-1.1
2010-02-11,1369.768,5.3,0.0,2.8,-2.2
2010-02-12,1892.998,3.7,0.0,2.8,-3.3
2010-02-13,2351.556,3.9,0.0,0.0,-4.4
2010-02-14,1686.698,4.1,0.0,3.9,-2.2
2010-02-15,2097.132,3.1,0.3,4.4,-2.8
2010-02-16,1797.756,2.5,10.9,0.6,-1.7
2010-02-17,2054.56,3.6,0.0,1.7,-3.3
2010-02-18,1761.156,4.5,0.0,4.4,0.0
2010-02-19,1953.572,5.1,0.0,6.1,1.7
2010-02-20,1983.728,3.6,0.0,6.7,1.7
2010-02-21,2740.314,4.3,0.0,7.8,0.6
2010-02-22,1474.036,2.7,0.8,7.2,-1.7
2010-02-23,1461.28,6.3,30.5,3.3,1.7
2010-02-24,1914.278,3.5,10.7,5.6,2.2
2010-02-25,1880.204,1.5,50.8,3.3,-2.8
2010-02-26,2120.156,3.1,29.7,0.6,-3.3
2010-02-27,1765.056,2.0,0.3,3.3,-1.7
2010-02-28,711.666,1.7,0.0,4.4,0.6
2010-03-01,1298.728,4.4,0.0,8.9,2.2
2010-03-02,766.9060000000001,2.4,0.3,8.3,2.2
2010-03-03,935.834,4.7,1.8,5.0,1.1
2010-03-04,682.88,3.5,0.0,8.3,1.7
2010-03-05,1133.726,3.4,0.0,9.4,1.1
2010-03-06,794.712,3.2,0.0,12.2,0.0
2010-03-07,1372.472,3.2,0.0,13.9,2.8
2010-03-08,2557.098,3.2,0.0,16.1,5.0
2010-03-09,1760.112,2.0,0.0,16.1,6.7
2010-03-10,1822.632,2.2,0.0,13.9,6.7
2010-03-11,1951.09,4.0,0.0,11.7,5.6
2010-03-12,1645.424,6.2,5.3,6.1,3.9
2010-03-13,2383.01,10.2,98.0,7.8,3.3
2010-03-14,1566.714,6.1,6.1,10.0,6.1
2010-03-15,1791.85,5.2,8.4,7.8,5.0
2010-03-16,1542.65,3.4,0.0,17.2,5.0
2010-03-17,2009.13,1.1,0.0,18.9,6.1
2010-03-18,1562.682,1.5,0.0,20.6,10.0
2010-03-19,1663.384,1.5,0.0,22.2,9.4
2010-03-20,131.732,2.2,0.0,23.3,12.2
2010-03-21,917.282,2.9,0.0,17.8,10.6
2010-03-22,1618.59,2.5,34.0,13.9,10.0
2010-03-23,1822.162,2.7,2.8,11.7,7.2
2010-03-24,1994.752,5.2,0.0,15.6,6.1
2010-03-25,1679.884,1.9,0.0,16.7,8.9
2010-03-26,1651.284,4.7,3.6,11.1,1.1
2010-03-27,1847.97,3.4,0.0,6.7,-1.7
2010-03-28,1798.214,3.6,8.6,9.4,2.2
2010-03-29,1622.738,2.9,40.1,11.7,8.9
2010-03-30,1906.454,4.8,62.2,10.0,5.0
2010-03-31,1923.802,2.6,0.3,13.9,7.2
2010-04-01,1687.44,2.1,0.0,21.1,8.9
2010-04-02,1648.622,2.0,0.0,20.0,8.9
2010-04-03,1805.278,2.2,0.0,19.4,8.3
2010-04-04,1690.388,1.2,0.0,24.4,8.3
2010-04-05,1118.82,2.9,0.0,23.9,13.3
2010-04-06,1825.852,1.8,0.0,25.6,14.4
2010-04-07,1596.982,3.1,0.0,33.3,13.3
2010-04-08,1649.22,2.8,0.0,26.7,17.8
2010-04-09,1233.35,3.4,7.6,20.0,6.7
2010-04-10,1190.208,4.4,0.0,16.7,5.6
2010-04-11,1602.81,3.0,0.0,24.4,11.1
2010-04-12,1439.426,2.4,0.0,19.4,11.1
2010-04-13,1512.704,2.2,0.0,13.3,8.3
2010-04-14,1660.364,2.3,0.0,19.4,7.2
2010-04-15,1872.178,3.0,0.0,22.8,10.0
2010-04-16,1562.062,3.3,7.9,13.9,7.8
2010-04-17,1557.712,3.0,0.3,12.2,7.8
2010-04-18,1476.106,3.2,0.0,13.9,5.6
2010-04-19,1708.594,3.1,0.0,17.2,7.8
2010-04-20,1833.628,2.2,0.0,21.1,8.3
2010-04-21,1579.914,3.0,0.8,20.6,11.7
2010-04-22,1460.904,2.6,0.0,22.2,10.6
2010-04-23,1180.536,2.9,0.0,20.0,6.7
2010-04-24,1518.418,2.5,0.0,20.0,7.8
2010-04-25,1542.742,3.1,40.6,11.1,7.8
2010-04-26,1082.716,3.6,17.5,11.7,8.9
2010-04-27,1250.94,3.3,1.3,14.4,5.0
2010-04-28,867.858,4.3,0.0,13.3,4.4
2010-04-29,1103.724,4.0,0.0,20.6,7.2
2010-04-30,1118.628,2.3,0.0,25.6,13.3
2010-05-01,1320.158,1.8,0.0,29.4,17.8
2010-05-02,2187.91,2.3,0.0,31.1,18.9
2010-05-03,1411.302,2.2,32.8,26.7,19.4
2010-05-04,1516.96,2.3,0.0,27.2,16.7
2010-05-05,1805.308,2.3,0.0,26.7,14.4
2010-05-06,1299.25,3.3,0.0,25.6,15.0
2010-05-07,1644.004,2.2,0.0,22.8,11.1
2010-05-08,1533.422,4.5,1.0,24.4,9.4
2010-05-09,1566.51,5.1,0.0,11.1,6.7
2010-05-10,1467.892,3.6,0.0,16.1,5.0
2010-05-11,1571.368,1.5,0.8,13.3,6.1
2010-05-12,2035.418,3.1,10.9,8.9,6.7
2010-05-13,1552.496,2.2,0.0,19.4,6.1
2010-05-14,1722.146,2.9,1.0,26.7,12.8
2010-05-15,1944.772,3.3,0.0,22.8,15.6
2010-05-16,2100.426,1.9,0.0,22.2,12.2
2010-05-17,1628.182,1.3,0.0,23.3,12.8
2010-05-18,1421.184,4.0,27.7,16.7,10.0
2010-05-19,1426.752,1.7,0.0,17.8,10.0
2010-05-20,1153.898,1.3,0.0,26.1,12.8
2010-05-21,1294.396,2.2,0.0,29.4,16.1
2010-05-22,2095.772,2.8,0.0,23.3,13.9
2010-05-23,1487.556,3.6,0.0,21.7,14.4
2010-05-24,1341.332,2.3,0.8,22.8,15.6
2010-05-25,1198.626,1.5,0.0,27.8,16.1
2010-05-26,1387.884,2.0,0.0,33.3,18.3
2010-05-27,1323.342,2.6,1.5,28.3,12.8
2010-05-28,1398.164,1.3,0.0,21.1,13.3
2010-05-29,2049.808,2.5,0.0,25.0,16.1
2010-05-30,1665.7,2.6,0.0,28.9,19.4
2010-05-31,1340.462,1.7,0.0,30.0,20.6
2010-06-01,1268.964,2.0,0.0,29.4,18.9
2010-06-02,980.898,1.5,0.0,30.6,19.4
2010-06-03,1394.186,2.1,0.0,30.6,19.4
2010-06-04,1420.554,1.7,0.0,31.1,22.2
2010-06-05,2009.644,3.3,0.0,31.1,24.4
2010-06-06,1746.792,3.8,0.5,31.7,16.1
2010-06-07,1012.082,3.1,0.0,23.9,13.9
2010-06-08,1362.034,2.3,0.0,23.9,14.4
2010-06-09,1534.682,1.9,22.6,20.0,13.9
2010-06-10,1215.19,1.6,6.4,23.3,14.4
2010-06-11,1470.672,1.9,0.0,21.7,14.4
2010-06-12,1973.108,2.1,0.0,26.1,16.1
2010-06-13,1674.356,2.8,7.6,25.6,18.3
2010-06-14,1217.984,1.1,0.3,26.1,17.8
2010-06-15,1223.966,2.4,0.0,27.2,17.8
2010-06-16,1768.092,2.2,0.0,23.9,17.8
2010-06-17,1028.018,3.2,11.4,23.3,18.3
2010-06-18,1332.316,1.5,0.0,30.0,15.6
2010-06-19,1416.22,2.2,0.0,27.2,17.8
2010-06-20,1672.55,1.7,0.0,31.7,21.7
2010-06-21,1660.89,1.7,0.0,30.6,21.7
2010-06-22,1520.588,1.7,6.9,30.6,21.7
2010-06-23,1442.064,2.7,0.0,31.7,21.7
2010-06-24,1095.78,2.9,0.0,33.3,24.4
2010-06-25,1099.438,2.1,0.0,30.6,21.7
2010-06-26,981.62,1.6,0.0,31.7,21.7
2010-06-27,1139.964,1.7,0.0,32.8,21.7
2010-06-28,1471.34,3.1,0.3,33.9,24.4
2010-06-29,1367.296,2.9,0.0,32.8,21.1
2010-06-30,1384.136,2.6,0.0,26.1,16.7
2010-07-01,1349.002,2.7,0.0,25.0,16.7
2010-07-02,1140.928,2.2,0.0,27.8,16.1
2010-07-03,1120.074,1.5,0.0,31.7,18.3
2010-07-04,1538.088,2.4,0.0,35.6,22.8
2010-07-05,1113.99,1.4,0.0,37.2,24.4
2010-07-06,1005.934,1.5,0.0,39.4,27.2
2010-07-07,834.788,2.1,0.0,37.8,26.7
2010-07-08,1212.652,1.6,0.0,31.7,25.0
2010-07-09,1083.478,2.5,0.5,32.2,23.9
2010-07-10,1154.504,1.7,0.0,28.3,22.8
2010-07-11,1193.572,1.6,0.0,34.4,21.7
2010-07-12,1109.574,2.0,0.0,34.4,22.8
2010-07-13,1382.114,2.2,21.3,28.3,22.8
2010-07-14,1409.472,1.9,11.4,26.1,22.8
2010-07-15,1633.162,2.4,0.0,30.6,22.2
2010-07-16,820.056,2.2,0.0,33.9,23.3
2010-07-17,806.352,2.4,0.0,34.4,24.4
2010-07-18,812.038,2.5,0.0,34.4,25.6
2010-07-19,801.158,1.6,3.8,33.3,22.2
2010-07-20,855.824,1.6,0.0,31.7,23.3
2010-07-21,1064.166,1.8,0.0,33.9,24.4
2010-07-22,1164.446,3.0,0.0,32.2,23.3
2010-07-23,1176.158,0.7,17.8,30.6,22.8
2010-07-24,921.668,2.4,0.0,36.1,26.7
2010-07-25,1130.41,2.5,8.9,33.9,21.1
2010-07-26,884.15,2.9,0.0,30.6,20.0
2010-07-27,952.36,1.9,0.0,32.8,21.1
2010-07-28,862.654,2.9,0.0,31.7,23.3
2010-07-29,549.104,2.6,2.3,31.7,23.3
2010-07-30,551.26,2.2,0.0,29.4,18.9
2010-07-31,554.616,2.2,0.0,29.4,18.9
2010-08-01,555.664,1.5,0.0,26.7,21.1
2010-08-02,549.482,2.2,0.0,29.4,20.6
2010-08-03,615.212,3.1,0.0,30.0,22.2
2010-08-04,543.356,2.4,0.0,32.8,23.9
2010-08-05,533.476,3.0,0.5,35.0,25.0
2010-08-06,524.746,2.2,0.0,32.2,21.1
2010-08-07,527.476,1.6,0.0,30.6,20.0
2010-08-08,528.46,3.0,0.0,31.7,22.8
2010-08-09,535.064,2.6,0.0,34.4,23.3
2010-08-10,544.758,1.5,0.0,33.3,25.6
2010-08-11,542.002,2.3,0.0,33.9,24.4
2010-08-12,529.698,2.6,2.3,24.4,20.0
2010-08-13,534.294,3.3,0.0,27.8,20.0
2010-08-14,554.27,2.4,0.0,27.8,18.3
2010-08-15,1055.986,2.1,4.1,25.0,19.4
2010-08-16,1129.73,1.8,2.8,30.0,20.6
2010-08-17,978.202,1.4,0.0,32.8,23.3
2010-08-22,93.338,2.9,42.9,26.7,20.6
2010-08-23,765.658,3.6,26.7,21.1,18.3
2010-08-24,722.948,4.4,0.5,21.1,17.8
2010-08-25,980.408,1.6,25.4,20.6,17.8
2010-08-26,757.252,2.5,0.0,27.8,18.3
2010-08-27,2030.65,1.8,0.0,26.1,16.1
2010-08-28,1442.856,1.6,0.0,28.3,16.7
2010-08-29,1668.48,1.5,0.0,34.4,19.4
2010-08-30,1494.802,1.6,0.0,33.3,22.2
2010-08-31,1365.106,1.6,0.0,35.6,24.4
2010-09-01,1593.318,1.4,0.0,35.6,24.4
2010-09-02,1392.492,2.7,0.0,34.4,25.6
2010-09-03,1346.414,2.7,0.0,29.4,23.9
2010-09-04,1743.84,4.7,0.0,27.2,17.8
2010-09-05,1323.018,2.3,0.0,25.6,16.1
2010-09-06,1422.876,1.9,0.0,26.7,15.6
2010-09-07,1451.854,2.8,0.0,31.7,20.0
2010-09-08,1303.812,3.7,0.0,32.2,18.9
2010-09-09,1238.714,3.1,0.0,21.1,16.1
2010-09-10,1328.108,2.5,0.0,23.3,16.1
2010-09-11,1463.31,2.4,0.0,26.1,15.0
2010-09-12,1612.092,2.8,3.8,19.4,15.0
2010-09-13,1076.32,1.5,3.3,25.0,15.0
2010-09-14,1430.678,2.2,0.0,24.4,15.6
2010-09-15,986.094,2.6,0.0,22.2,13.9
2010-09-16,1339.738,2.4,11.7,22.2,13.9
2010-09-17,1497.608,2.0,1.3,21.7,15.0
2010-09-18,1247.946,1.5,0.0,21.1,14.4
2010-09-19,919.6,1.2,0.0,27.2,16.1
2010-09-20,1682.832,3.0,0.0,23.3,15.0
2010-09-21,1111.376,2.2,0.0,23.3,12.2
2010-09-22,1510.394,2.6,3.0,30.6,17.8
2010-09-23,1449.862,2.2,0.0,27.2,18.9
2010-09-24,1327.992,1.6,0.0,29.4,19.4
2010-09-25,106.006,3.2,0.0,31.7,19.4
2010-09-28,470.426,,8.4,22.8,21.1
2010-09-29,1684.426,1.9,0.0,25.6,17.2
2010-09-30,1248.278,,27.9,23.9,20.6
2010-10-01,1504.82,,62.5,23.3,15.0
2010-10-02,1923.254,1.9,0.0,18.9,11.1
2010-10-03,1830.684,5.1,0.8,17.8,10.0
2010-10-04,1775.96,4.4,8.6,12.8,11.1
2010-10-05,1854.624,3.5,0.0,16.1,11.7
2010-10-06,1315.456,2.5,0.0,17.8,12.2
2010-10-07,1809.954,3.4,0.0,21.7,11.7
2010-10-08,1510.456,2.8,0.0,22.8,12.2
2010-10-09,1611.78,2.5,0.0,22.2,12.2
2010-10-10,1998.904,1.8,0.0,20.6,7.8
2010-10-11,1622.59,1.0,28.7,23.9,13.9
2010-10-12,1579.692,1.7,2.3,20.6,12.2
2010-10-13,2073.886,2.0,0.0,17.8,8.9
2010-10-14,2135.122,1.5,15.5,17.2,10.0
2010-10-15,1596.324,5.1,0.5,13.9,9.4
2010-10-16,1000.014,4.7,0.0,14.4,10.0
2010-10-17,1047.382,2.3,0.0,20.6,8.9
2010-10-18,2713.884,2.6,0.0,15.6,10.0
2010-10-19,1925.978,1.2,0.8,15.0,8.3
2010-10-20,1727.964,1.6,0.0,15.0,8.3
2010-10-21,1355.198,3.3,0.3,16.7,9.4
2010-10-22,1668.892,3.4,0.0,11.7,7.8
2010-10-23,2293.236,2.3,0.0,17.8,6.7
2010-10-24,2390.548,1.5,0.0,20.0,11.7
2010-10-25,1163.292,2.1,0.0,23.3,12.2
2010-10-26,945.904,2.8,0.0,22.2,17.2
2010-10-27,1260.278,2.6,4.8,23.9,18.3
2010-10-28,1463.326,3.1,0.0,23.3,13.3
2010-10-29,1204.422,4.3,0.0,13.9,8.3
2010-10-30,2152.7,3.3,0.0,13.9,5.6
2010-10-31,1476.43,3.8,0.0,14.4,5.6
2010-11-01,1383.18,2.6,0.0,9.4,2.8
2010-11-02,1191.082,1.4,0.0,10.0,2.2
2010-11-03,1293.298,1.7,0.0,12.2,5.0
2010-11-04,2555.146,3.0,27.7,10.6,8.3
2010-11-05,1736.088,2.4,1.3,11.1,7.2
2010-11-06,1805.408,2.4,0.0,10.6,4.4
2010-11-07,1673.816,3.1,0.0,10.6,2.2
2010-11-08,1825.54,4.6,1.0,7.2,4.4
2010-11-09,2022.098,3.6,0.0,12.2,5.0
2010-11-10,1946.534,3.4,0.0,13.3,7.8
2010-11-11,1773.592,3.0,0.0,13.3,5.6
2010-11-12,1836.822,2.6,0.0,16.7,7.2
2010-11-13,2023.174,1.4,0.0,17.8,7.8
2010-11-14,2038.392,1.6,0.0,16.1,7.8
2010-11-15,1747.382,2.5,0.0,13.9,10.0
2010-11-16,1509.748,3.0,11.4,15.0,11.1
2010-11-17,1582.032,4.8,5.3,15.6,10.6
2010-11-18,1652.152,3.2,0.0,12.8,7.2
2010-11-19,1570.4,2.6,0.0,8.9,4.4
2010-11-20,2197.006,3.4,0.0,12.8,5.0
2010-11-21,900.91,2.7,0.0,8.9,3.9
2010-11-22,2041.536,2.7,0.0,18.3,7.2
2010-11-23,1577.536,3.1,0.0,16.1,10.0
2010-11-24,1796.248,4.3,0.0,10.0,5.0
2010-11-25,1431.164,1.6,1.5,7.8,3.9
2010-11-26,1488.104,3.1,4.1,11.7,3.3
